{
  "Total" : {
    "transaction" : "Total",
    "sampleCount" : 50,
    "errorCount" : 0,
    "errorPct" : 0.0,
    "meanResTime" : 5812.800000000002,
    "medianResTime" : 6326.5,
    "minResTime" : 1315.0,
    "maxResTime" : 10540.0,
    "pct1ResTime" : 9724.7,
    "pct2ResTime" : 10329.7,
    "pct3ResTime" : 10540.0,
    "throughput" : 1.2576717979676022,
    "receivedKBytesPerSec" : 0.6608672275882885,
    "sentKBytesPerSec" : 0.14748166943354463
  },
  "HTTP Request" : {
    "transaction" : "HTTP Request",
    "sampleCount" : 50,
    "errorCount" : 0,
    "errorPct" : 0.0,
    "meanResTime" : 5812.800000000002,
    "medianResTime" : 6326.5,
    "minResTime" : 1315.0,
    "maxResTime" : 10540.0,
    "pct1ResTime" : 9724.7,
    "pct2ResTime" : 10329.7,
    "pct3ResTime" : 10540.0,
    "throughput" : 1.2576717979676022,
    "receivedKBytesPerSec" : 0.6608672275882885,
    "sentKBytesPerSec" : 0.14748166943354463
  }
}